,precision,recall,f1
QA_RAG,0.5506032139440126,0.6453797228728668,0.591427700429023
Multiquery_questions,0.532219408056404,0.6294628758973713,0.5729449240467216
HyDE_with_reranker,0.539636103412773,0.6413899358314804,0.582351520468917
Only_question,0.540208252924907,0.6356252744982515,0.5805216069462933
Only_hypothetical_answer,0.538592895752267,0.6423694446117063,0.5826801593545117
